{"val_loss": [0.0040452853879613115, 0.0040204244342441344, 0.004091129676871147, 0.004086730383021954, 0.0040697726901329475, 0.004088225818398064, 0.004036025834710183, 0.004078469950276721, 0.004085376491258333, 0.004068130983007082, 0.004025066026590403, 0.004090434676268221, 0.004136739897085336, 0.0040493512675002855, 0.004049649967169727, 0.004052619018869672, 0.00411553552245805, 0.004080824799002487, 0.004096566978227713, 0.004072021022567523, 0.004047612959956803, 0.004057170275957326, 0.004066187720015099, 0.004154060819367976, 0.004118020247014599, 0.004012549310611266, 0.004088517045006081, 0.004089622016188816, 0.004033377814335231, 0.004029718825421908, 0.004051898446563238, 0.004113843329709118, 0.00413148721739536, 0.004176732212959145, 0.004114424266535262, 0.004044171759639355, 0.004138574363765477, 0.004067366136676643, 0.004117299235579305, 0.004194874316918706, 0.0042030984499278196, 0.0040803327004846675, 0.004033356770896753, 0.004044308057813062, 0.004093654043158534, 0.004094261635759142, 0.004078196916639329, 0.004019128093782103, 0.004063312997562997, 0.004129862234115535, 0.004136962170631497, 0.004147259085922508, 0.004045699198852424, 0.004037688104881983, 0.004062036920055641, 0.004068923640525464, 0.004024141338880833, 0.004099594792728602, 0.004055070668461202, 0.004111212908679603, 0.004106996824610118, 0.004084603412388349, 0.004021357256274769, 0.0041162533988434785, 0.004073713863885793, 0.004112111009340368, 0.004115522062151168, 0.0041525518392985265, 0.004114020429290925, 0.004077289908135178, 0.004084857034190132, 0.004056232398822212, 0.004183261236592169, 0.00407457695529075, 0.00403242731772669, 0.004088299134953118, 0.0041017596547610995, 0.004237060628986903, 0.004135545776388903, 0.0040934148422668536, 0.004156075460128059, 0.004050547242314309, 0.00403041725844805, 0.0040989190328240945, 0.004157122009137322, 0.00408621987863755, 0.004097011975118445, 0.004056974067773432, 0.004056445619758562, 0.004121324559119982, 0.0040857478000793975, 0.004133164883589457, 0.00407623934052397, 0.004150852685717608, 0.004030747157726854, 0.004068361949873967, 0.0040209674093695455, 0.004106956205776647, 0.00405416060987966, 0.004055490720585652], "val_acc": [0.9038795348029856, 0.9104756118729387, 0.9193282416247179, 0.9054417635827113, 0.9136000694323902, 0.9135566741885089, 0.9049644159000173, 0.914207602846728, 0.9053549730949488, 0.9078718972400625, 0.9152056934559972, 0.9079152924839438, 0.9018833535844472, 0.9133396979691026, 0.9195452178441242, 0.9093907307759069, 0.9198489845512932, 0.9154660649192848, 0.9021871202916161, 0.9168981079673668, 0.9083492449227565, 0.9085228258982816, 0.9083058496788752, 0.9149453219927096, 0.9572556847769484, 0.903141815657004, 0.9231470230862697, 0.9197621940635307, 0.9101284499218886, 0.9104756118729387, 0.9194584273563617, 0.9130793265058149, 0.9090435688248568, 0.898975872244402, 0.8986721055372331, 0.9213244228432563, 0.9127755597986461, 0.9267922235722965, 0.9471445929526124, 0.9096511022391945, 0.9471879881964936, 0.9045738587050859, 0.9099548689463635, 0.9125585835792397, 0.9024040965110224, 0.946276688074987, 0.9105624023607013, 0.9147283457733032, 0.9120812358965458, 0.9096511022391945, 0.906830411386912, 0.9000173580975525, 0.9136868599201527, 0.9077851067523, 0.9050512063877799, 0.9066568304113869, 0.9157264363825725, 0.9047908349244923, 0.9161169935775039, 0.9292657524735289, 0.905224787363305, 0.90539836833883, 0.9075681305328936, 0.9052681826071862, 0.9070473876063183, 0.9147717410171845, 0.9119944454087832, 0.900581496268009, 0.9103020308974137, 0.9113869119944454, 0.9090001735809755, 0.9139472313834404, 0.9343429960076376, 0.9567349418503732, 0.9084794306544003, 0.9074379448012497, 0.9078718972400625, 0.9036625585835792, 0.9500520742926575, 0.9143377885783718, 0.9397240062489152, 0.9109529595556327, 0.9064398541919806, 0.9051813921194237, 0.9192848463808366, 0.9083492449227565, 0.9339958340565874, 0.9152056934559972, 0.914858531504947, 0.9099548689463635, 0.9070907828501996, 0.9045738587050859, 0.9105624023607013, 0.9136000694323902, 0.9096511022391945, 0.9099114737024822, 0.9097812879708383, 0.9075681305328936, 0.9277035236938032, 0.9070907828501996], "loss": [0.004372234018252069, 0.004073423377996739, 0.0040651729697164, 0.004063578148749228, 0.0040610361541702725, 0.004060941345958564, 0.004058491673132618, 0.004059210105050314, 0.004059616105600702, 0.0040568050514207, 0.004058058793404192, 0.004056692608345154, 0.004056962139374324, 0.00405751340942073, 0.004056874159614499, 0.004057470546532927, 0.004055582750546421, 0.004055159103368657, 0.004055089495955789, 0.004054965388040746, 0.0040546836914601495, 0.004055233617123919, 0.004055019134653493, 0.004055458656269201, 0.004054901898935436, 0.004053978259383059, 0.0040532982867157105, 0.004055564085295715, 0.004054608268818161, 0.004054299962522083, 0.004055242417646857, 0.004054785249436613, 0.0040535747509824254, 0.004054216163791752, 0.004054184543496357, 0.004053616028601564, 0.0040540280049305, 0.004053374439565966, 0.004053943441166072, 0.004054329631648994, 0.0040528502228242246, 0.004055388610144837, 0.00405376174284872, 0.004053135331798157, 0.004054427223714361, 0.00405546544018282, 0.00405301908891812, 0.004052691573154272, 0.004053948618931191, 0.004054014975919757, 0.004052634349086253, 0.004052194562259231, 0.004053932438365939, 0.004052781392615675, 0.00405331537441718, 0.00405348142669917, 0.004052586828125555, 0.004053095385237055, 0.004053965991021294, 0.004051391668270957, 0.004052296329953525, 0.004052850115179142, 0.004053462462095862, 0.004052415066097279, 0.004052474405424647, 0.004052945279219546, 0.004052454033000979, 0.004051501477407853, 0.004052960087388928, 0.004050785015992573, 0.004052555691653317, 0.004052685640933904, 0.00405255985137861, 0.00405258738002163, 0.00405264681590751, 0.004051292267535806, 0.004052725292891266, 0.004053566860134323, 0.004052074527266344, 0.004052269883480177, 0.004051728128804429, 0.004051982827674885, 0.004052355521871669, 0.004051003520453609, 0.0040522881388914585, 0.004050918662340566, 0.004052162098151673, 0.004052845953556831, 0.004052859964058844, 0.004051814465862146, 0.0040513905051205576, 0.004051391772175048, 0.004052116673419513, 0.0040518282604576515, 0.0040515175030465325, 0.004051611435141188, 0.004051039395744552, 0.004049927897443848, 0.004051781640257569, 0.004051515142960611],